"Employment by industry, monthly, seasonally adjusted and unadjusted, and trend-cycle, last 5 months (x 1,000) 1 2 3 4"
"Frequency: Monthly"
"Table: 14-10-0355-01 (formerly CANSIM 282-0088)"
"Release date: 2025-12-05"
"Geography: Canada, Province or territory"
""
""

"Geography 5","Manitoba",,,,,,,,,,,,,,,,,,,,,,,,,,,,,,,,,,,,,,,,,,,,,,,,,,,,,,,,,,,,,,,,,,,,,,,,,,,,,,,,,,,,,,,,,,,,,,,,,,,,,,,,,,,,,,,,,,,,,,,,,,,,,,,,,,,,,,,,,,,,,,,,,,,,,,,,,,,,,,,,,,,,,,,,,,,,,,,,,,,,,,,,,,,,,,,,,,,,,,,,,,,,,,,,,,,,,,,,,,,,,,,,,,,,,,,,,,,,,,,,,,,,,,,,,,
"Statistics","Estimate",,,,,,,,,,,,,,,,,,,,,,,,,,,,,,,,,,,,,,,,,,,,,,,,,,,,,,,,,,,,,,,,,,,,,,,,,,,,,,,,,,,,,,,,,,,,,,,,,,,,,,,,,,,,,,,,,,,,,,,,,,,,,,,,,,,,,,,,,,,,,,,,,,,,,,,,,,,,,,,,,,,,,,,,,,,,,,,,,,,,,,,,,,,,,,,,,,,,,,,,,,,,,,,,,,,,,,,,,,,,,,,,,,,,,,,,,,,,,,,,,,,,,,,,,,
"Data type","Unadjusted",,,,,,,,,,,,,,,,,,,,,,,,,,,,,,,,,,,,,,,,,,,,,,,,,,,,,,,,,,,,,,,,,,,,,,,,,,,,,,,,,,,,,,,,,,,,,,,,,,,,,,,,,,,,,,,,,,,,,,,,,,,,,,,,,,,,,,,,,,,,,,,,,,,,,,,,,,,,,,,,,,,,,,,,,,,,,,,,,,,,,,,,,,,,,,,,,,,,,,,,,,,,,,,,,,,,,,,,,,,,,,,,,,,,,,,,,,,,,,,,,,,,,,,,,,
"North American Industry Classification System (NAICS) 6","January 2005","February 2005","March 2005","April 2005","May 2005","June 2005","July 2005","August 2005","September 2005","October 2005","November 2005","December 2005","January 2006","February 2006","March 2006","April 2006","May 2006","June 2006","July 2006","August 2006","September 2006","October 2006","November 2006","December 2006","January 2007","February 2007","March 2007","April 2007","May 2007","June 2007","July 2007","August 2007","September 2007","October 2007","November 2007","December 2007","January 2008","February 2008","March 2008","April 2008","May 2008","June 2008","July 2008","August 2008","September 2008","October 2008","November 2008","December 2008","January 2009","February 2009","March 2009","April 2009","May 2009","June 2009","July 2009","August 2009","September 2009","October 2009","November 2009","December 2009","January 2010","February 2010","March 2010","April 2010","May 2010","June 2010","July 2010","August 2010","September 2010","October 2010","November 2010","December 2010","January 2011","February 2011","March 2011","April 2011","May 2011","June 2011","July 2011","August 2011","September 2011","October 2011","November 2011","December 2011","January 2012","February 2012","March 2012","April 2012","May 2012","June 2012","July 2012","August 2012","September 2012","October 2012","November 2012","December 2012","January 2013","February 2013","March 2013","April 2013","May 2013","June 2013","July 2013","August 2013","September 2013","October 2013","November 2013","December 2013","January 2014","February 2014","March 2014","April 2014","May 2014","June 2014","July 2014","August 2014","September 2014","October 2014","November 2014","December 2014","January 2015","February 2015","March 2015","April 2015","May 2015","June 2015","July 2015","August 2015","September 2015","October 2015","November 2015","December 2015","January 2016","February 2016","March 2016","April 2016","May 2016","June 2016","July 2016","August 2016","September 2016","October 2016","November 2016","December 2016","January 2017","February 2017","March 2017","April 2017","May 2017","June 2017","July 2017","August 2017","September 2017","October 2017","November 2017","December 2017","January 2018","February 2018","March 2018","April 2018","May 2018","June 2018","July 2018","August 2018","September 2018","October 2018","November 2018","December 2018","January 2019","February 2019","March 2019","April 2019","May 2019","June 2019","July 2019","August 2019","September 2019","October 2019","November 2019","December 2019","January 2020","February 2020","March 2020","April 2020","May 2020","June 2020","July 2020","August 2020","September 2020","October 2020","November 2020","December 2020","January 2021","February 2021","March 2021","April 2021","May 2021","June 2021","July 2021","August 2021","September 2021","October 2021","November 2021","December 2021","January 2022","February 2022","March 2022","April 2022","May 2022","June 2022","July 2022","August 2022","September 2022","October 2022","November 2022","December 2022","January 2023","February 2023","March 2023","April 2023","May 2023","June 2023","July 2023","August 2023","September 2023","October 2023","November 2023","December 2023","January 2024","February 2024","March 2024","April 2024","May 2024","June 2024","July 2024","August 2024","September 2024","October 2024","November 2024","December 2024","January 2025","February 2025","March 2025","April 2025","May 2025","June 2025","July 2025","August 2025","September 2025","October 2025","November 2025"
,"Persons in thousands",,,,,,,,,,,,,,,,,,,,,,,,,,,,,,,,,,,,,,,,,,,,,,,,,,,,,,,,,,,,,,,,,,,,,,,,,,,,,,,,,,,,,,,,,,,,,,,,,,,,,,,,,,,,,,,,,,,,,,,,,,,,,,,,,,,,,,,,,,,,,,,,,,,,,,,,,,,,,,,,,,,,,,,,,,,,,,,,,,,,,,,,,,,,,,,,,,,,,,,,,,,,,,,,,,,,,,,,,,,,,,,,,,,,,,,,,,,,,,,,,,,,,,,,,,
"Total employed, all industries 7","565.0","570.1","566.0","567.1","582.9","585.2","584.7","583.2","577.0","578.7","579.4","579.1","573.4","577.3","572.3","577.1","590.5","594.7","588.3","590.5","587.5","585.1","582.9","581.4","576.9","578.7","581.3","582.2","597.7","604.9","601.4","600.6","596.9","600.1","600.9","595.7","591.7","592.1","594.5","602.4","608.1","616.4","612.8","607.4","601.2","603.8","599.4","600.6","589.6","592.3","587.3","593.2","608.0","609.9","609.6","609.5","600.2","600.9","604.0","597.1","593.3","595.1","594.1","602.4","615.2","621.8","617.7","619.2","617.1","622.2","616.0","608.7","606.5","609.3","606.2","608.4","621.2","625.3","619.9","619.2","616.1","620.8","617.0","616.4","606.5","608.5","612.7","617.1","627.7","628.9","621.9","624.2","626.3","624.3","623.2","626.8","623.0","621.7","622.5","616.6","629.7","640.9","631.5","629.4","629.5","627.1","621.3","620.5","618.1","618.3","618.7","618.3","630.5","637.9","632.4","630.4","629.9","637.8","634.4","631.9","626.6","628.6","633.7","634.6","642.8","650.0","638.8","639.4","642.6","645.2","638.3","633.6","620.9","628.1","633.2","632.5","645.7","648.2","645.0","643.0","640.5","642.8","638.2","637.9","632.7","635.3","638.6","640.7","654.8","660.7","658.9","657.9","652.1","656.6","649.7","647.7","640.2","638.4","643.2","645.9","658.7","667.8","657.6","662.1","657.5","659.2","656.8","655.8","652.4","651.0","655.4","658.6","670.5","676.0","663.2","666.3","663.6","664.6","657.8","659.8","660.0","661.9","633.1","572.5","597.0","631.9","638.6","646.7","661.8","658.8","636.5","628.6","626.9","644.8","649.7","659.6","670.2","668.1","671.6","668.8","677.0","678.9","675.2","677.7","674.3","685.2","678.3","681.6","694.6","701.1","691.9","683.7","688.3","695.5","689.8","691.0","685.1","692.7","699.2","695.1","718.8","722.6","707.5","707.3","713.0","715.4","711.4","713.1","715.3","711.0","707.4","710.8","735.6","742.5","723.5","728.4","730.9","731.9","732.1","723.8","722.1","726.7","726.5","731.3","741.8","753.6","742.5","735.8","741.1","737.2","738.1"
"Goods-producing sector 8","134.0","131.7","130.3","131.8","138.3","138.7","142.7","145.2","145.0","143.1","138.0","136.4","132.2","132.1","130.6","133.4","140.5","144.0","144.8","146.2","140.7","139.3","137.2","135.2","135.2","133.5","134.2","133.5","141.0","144.2","145.2","149.3","146.1","145.4","146.2","140.9","138.6","138.4","140.9","144.0","150.2","152.1","156.7","156.2","154.7","152.6","146.6","145.1","139.6","139.1","135.8","136.7","141.9","145.0","147.4","148.5","143.9","142.2","139.2","132.4","130.8","133.2","135.1","138.7","140.8","145.0","150.6","149.8","147.2","148.7","144.4","142.1","141.2","140.6","140.1","141.1","144.7","149.5","152.2","152.0","148.5","149.6","145.1","141.3","139.7","138.9","140.1","140.7","146.1","149.7","151.7","153.5","150.3","149.5","147.4","148.5","144.1","146.5","147.9","146.3","150.7","157.0","158.6","159.1","154.7","151.9","148.2","143.2","142.4","141.0","143.4","143.3","148.4","152.3","157.0","156.7","156.1","154.3","149.7","143.9","141.4","141.1","140.1","142.3","146.5","151.6","155.7","156.6","153.5","153.4","150.9","149.9","147.2","146.0","149.2","150.8","158.6","158.0","163.8","165.6","162.5","162.0","158.3","150.5","148.8","151.7","152.3","152.9","159.5","161.6","165.6","165.6","159.9","157.7","150.9","148.6","147.3","145.3","145.1","147.2","154.7","159.0","157.6","157.8","156.5","156.2","152.9","149.1","148.2","147.7","152.7","152.8","160.1","161.3","161.0","161.2","158.5","157.1","151.7","149.8","148.5","148.1","146.1","138.0","144.1","150.2","152.7","154.8","154.0","152.7","147.9","146.8","145.8","146.5","146.8","151.7","156.7","157.6","161.7","159.1","159.2","155.3","149.3","148.9","148.7","148.7","148.4","148.1","154.0","155.6","159.9","160.7","152.4","155.2","152.9","150.9","148.6","150.6","150.7","149.7","158.6","157.7","163.4","163.6","159.9","159.2","158.7","157.6","160.6","152.6","150.2","152.5","155.6","156.0","158.0","159.7","153.1","155.2","154.2","150.7","152.6","153.1","153.2","155.7","163.4","167.4","165.7","162.0","162.3","158.4","154.9"
"Agriculture 9","29.8","29.1","28.5","28.8","28.7","30.9","32.1","31.6","30.2","31.0","29.8","30.5","29.8","30.2","29.1","30.5","31.3","30.9","32.1","33.3","32.6","31.0","30.3","29.6","29.0","29.3","29.2","28.7","29.5","30.1","31.4","31.2","29.9","29.1","28.4","27.2","27.2","27.2","26.9","29.3","30.1","29.2","30.3","29.9","30.4","30.8","28.9","28.7","27.2","27.6","25.8","26.0","27.0","28.7","29.3","30.0","28.9","28.4","26.3","25.6","25.7","26.2","26.4","27.2","27.8","28.0","28.7","29.2","29.1","27.9","26.2","26.1","26.5","25.1","24.9","25.3","24.7","25.6","27.0","27.2","26.5","26.0","22.4","23.2","22.3","22.3","22.1","22.6","22.2","23.1","24.6","25.0","23.5","23.2","23.1","23.5","23.2","23.6","24.9","24.8","27.3","27.7","27.4","27.7","27.1","25.5","24.4","24.0","24.0","23.7","23.8","24.0","25.2","25.5","27.1","26.5","25.6","24.4","23.5","22.0","22.8","21.9","22.5","23.6","23.8","24.5","27.5","26.7","25.6","26.1","25.5","25.7","24.7","24.2","24.1","26.5","27.5","26.7","29.6","31.4","29.0","28.1","26.8","24.2","25.5","24.1","23.4","23.6","26.3","27.4","28.7","28.6","26.8","25.7","25.5","25.7","25.0","24.9","25.7","25.9","28.7","28.1","28.6","29.2","28.7","27.2","24.4","23.4","23.7","23.4","23.8","25.6","27.5","28.1","28.2","28.4","28.2","28.2","27.2","25.3","26.3","26.9","26.2","28.3","29.3","27.2","28.4","29.1","28.7","26.8","26.6","25.3","24.7","24.8","25.0","26.0","27.4","26.2","26.9","27.0","29.4","25.8","25.6","24.8","22.6","21.5","22.4","21.3","22.0","20.9","20.8","20.7","17.6","17.5","17.3","14.4","13.2","15.2","15.5","14.6","16.8","16.3","15.6","14.8","14.8","14.3","13.4","12.5","13.2","11.9","11.7","12.4","12.6","15.6","14.0","15.7","13.0","12.3","13.4","13.0","13.1","14.5","14.2","14.6","15.8","15.9","14.3","16.2","15.2","14.5","14.0"
"Forestry, fishing, mining, quarrying, oil and gas 10 11","5.2","5.2","5.1","4.6","5.1","5.3","6.0","5.9","6.2","6.0","6.3","6.0","5.8","6.1","6.4","5.7","6.2","7.4","6.6","6.9","7.1","7.4","6.2","6.5","6.5","6.0","6.8","6.0","6.4","7.1","6.8","6.7","6.1","6.6","6.7","6.3","6.0","6.3","6.6","5.8","6.0","7.0","6.7","6.4","6.8","6.1","6.3","6.2","6.0","6.1","6.3","6.3","6.6","6.8","6.9","6.7","6.2","6.0","6.0","5.4","5.8","6.8","7.0","7.3","7.6","8.2","7.8","8.2","8.2","8.4","7.8","7.5","7.5","7.4","7.8","6.5","7.8","7.9","7.5","8.3","8.4","8.5","7.8","6.9","7.1","7.4","7.5","6.6","6.8","7.4","7.6","7.0","7.0","7.3","6.9","7.3","7.3","6.8","7.0","6.7","6.5","7.6","7.7","8.3","7.1","6.9","7.4","7.3","6.6","6.7","6.7","6.0","6.1","7.3","7.7","7.4","7.6","8.0","7.0","6.4","7.1","7.3","6.2","6.0","4.9","6.1","6.0","5.9","6.4","6.2","5.9","6.6","6.3","6.1","6.4","6.3","6.9","6.5","6.6","6.4","6.7","6.7","6.6","6.8","7.6","7.5","7.6","7.5","7.7","6.9","7.1","6.7","6.5","6.5","6.3","6.4","6.6","6.8","6.4","6.5","6.4","6.6","6.0","6.4","6.1","7.3","5.9","6.3","6.6","6.3","7.0","5.2","5.7","5.6","6.0","5.9","6.0","6.0","5.4","5.9","5.3","5.3","5.4","4.2","5.2","5.3","5.3","4.7","4.0","3.9","3.7","5.5","4.9","5.0","5.0","4.2","3.8","4.2","4.9","5.1","4.5","4.4","4.2","4.5","4.0","4.2","3.8","3.4","5.6","6.5","5.7","5.5","5.9","6.3","5.4","5.3","7.6","7.5","7.0","5.8","6.9","7.1","7.2","5.9","7.2","6.5","6.1","5.4","5.7","5.3","4.7","5.8","6.4","7.1","7.4","7.8","6.5","6.4","7.3","7.0","6.4","6.2","6.9","5.9","6.1","6.2","7.3","6.2","6.6","5.6","5.8"
"Utilities","6.2","6.3","6.7","7.4","5.9","7.2","7.5","7.0","7.0","6.3","6.1","6.5","5.9","5.3","5.3","5.9","6.4","6.5","6.2","6.1","6.0","5.8","6.1","6.3","6.0","5.9","6.4","6.0","6.4","6.6","6.8","6.1","6.1","6.4","6.3","6.2","6.5","6.6","7.1","6.6","6.8","6.7","6.9","7.2","7.0","6.7","6.8","6.8","7.0","6.8","6.7","6.5","7.0","7.3","7.1","7.2","7.6","7.8","7.4","7.3","7.4","7.2","7.8","7.8","7.9","8.2","8.4","8.3","7.7","8.0","7.8","7.9","7.4","7.4","7.5","7.3","7.4","7.5","7.6","7.4","7.3","7.2","7.1","7.2","7.1","7.0","7.3","7.4","7.4","7.4","7.3","7.3","7.6","7.3","7.8","7.8","7.7","7.7","8.0","7.8","7.7","7.9","7.9","8.0","8.5","8.4","8.5","8.6","8.7","8.7","9.1","9.4","9.9","9.8","10.1","9.9","9.4","9.3","9.0","8.6","8.9","8.9","8.9","8.7","8.9","9.4","8.7","10.0","9.3","9.1","8.7","9.0","9.4","10.6","10.0","10.0","10.9","10.6","10.7","10.9","10.6","10.2","10.1","9.8","9.8","9.6","9.8","9.8","10.1","10.1","9.2","8.9","8.9","8.4","8.1","8.1","7.8","7.5","7.2","7.3","7.4","7.4","7.4","7.2","7.2","7.3","7.2","7.3","6.7","7.1","6.8","6.8","7.2","7.1","7.2","7.3","7.2","6.9","7.2","7.2","7.5","7.3","7.5","6.8","6.2","7.1","6.9","6.7","6.4","6.3","5.3","5.6","5.7","5.7","5.5","5.5","5.5","6.0","5.7","5.8","5.1","5.0","5.0","5.1","5.0","4.9","4.7","4.6","4.8","4.7","4.9","5.1","5.0","4.8","5.4","5.6","5.9","5.8","6.0","6.4","6.5","6.5","6.9","7.4","6.8","6.1","6.1","6.2","6.2","6.2","6.2","6.6","6.3","5.9","6.0","5.4","5.2","5.1","5.9","6.9","6.2","6.1","6.4","6.9","6.8","6.6","7.0","7.5","7.9","7.3","7.0"
"Construction","25.0","24.2","23.3","24.9","27.3","28.2","28.4","31.4","31.4","31.3","30.9","28.5","27.5","28.7","28.7","30.1","33.3","33.6","34.4","33.9","31.8","31.1","31.3","29.6","29.9","28.5","28.5","31.1","35.2","35.3","36.9","40.4","38.5","36.6","37.7","34.4","32.2","33.3","33.8","35.5","39.1","40.5","43.7","44.0","42.5","41.4","39.0","38.1","36.4","36.5","33.1","34.2","37.7","40.1","41.7","42.0","39.7","38.4","38.2","34.1","32.5","33.7","33.1","35.9","37.3","40.4","45.0","44.0","41.9","42.8","40.0","37.0","36.7","36.7","37.8","39.8","41.1","44.5","47.1","46.6","45.3","46.2","45.2","40.5","39.8","38.9","39.5","40.8","43.6","45.1","47.4","48.9","49.4","48.9","47.4","47.8","44.3","46.0","45.5","44.3","46.5","48.1","50.5","51.3","49.2","47.6","45.6","41.0","39.8","38.6","38.9","39.8","43.0","45.0","46.8","48.0","49.0","48.1","47.1","43.3","39.6","37.9","39.6","41.5","44.2","47.3","49.4","49.1","47.6","47.0","44.9","44.1","42.1","41.1","43.7","44.5","49.2","51.6","51.6","50.8","50.1","50.4","50.0","45.5","41.7","44.4","47.2","46.6","50.6","52.3","54.0","55.3","54.7","54.3","49.0","45.8","46.4","44.9","45.1","44.7","47.7","53.2","51.4","52.4","51.7","52.7","53.2","48.6","47.5","45.6","50.1","50.9","53.6","53.8","55.4","54.4","53.5","52.3","49.8","49.6","46.0","45.6","45.0","40.7","45.9","52.3","51.9","53.6","52.6","53.5","48.1","47.6","45.9","44.7","45.7","48.6","52.9","53.4","56.8","54.1","53.9","53.8","50.1","47.8","50.3","48.9","48.9","49.2","52.3","52.1","55.5","56.4","54.6","56.1","55.3","55.4","52.7","53.2","54.2","55.4","59.5","59.7","63.6","64.6","59.9","60.2","57.6","58.8","61.1","57.9","55.2","55.1","56.2","56.5","59.2","59.1","59.4","59.5","55.9","53.1","53.7","54.8","53.9","56.4","62.5","63.9","62.6","62.0","64.0","63.1","61.6"
"Manufacturing","67.7","67.0","66.6","66.2","71.4","67.1","68.7","69.4","70.3","68.6","65.0","64.9","63.2","61.7","61.0","61.2","63.3","65.6","65.5","66.0","63.2","63.9","63.3","63.2","63.8","63.8","63.3","61.8","63.5","65.1","63.3","64.9","65.5","66.6","67.2","66.8","66.6","65.1","66.5","66.8","68.2","68.7","69.1","68.8","68.1","67.6","65.6","65.3","62.9","62.0","63.9","63.7","63.6","62.0","62.4","62.5","61.5","61.6","61.3","59.9","59.4","59.3","60.8","60.5","60.2","60.2","60.6","60.1","60.3","61.6","62.7","63.6","63.2","64.1","62.1","62.3","63.6","64.0","63.1","62.4","61.0","61.8","62.6","63.5","63.3","63.4","63.8","63.2","66.0","66.7","64.7","65.2","62.8","62.9","62.3","62.0","61.5","62.3","62.5","62.7","62.6","65.7","65.1","63.8","62.8","63.5","62.4","62.4","63.3","63.2","64.9","64.2","64.2","64.8","65.3","64.9","64.6","64.5","63.2","63.7","63.0","65.0","63.0","62.5","64.8","64.4","64.2","64.9","64.6","64.9","65.9","64.5","64.8","63.9","65.0","63.5","64.0","62.7","65.3","66.1","66.1","66.5","64.8","64.1","64.2","66.1","64.2","65.5","64.8","65.0","66.6","66.1","63.0","62.9","62.1","62.5","61.5","61.2","60.6","62.8","64.4","63.6","64.2","62.5","62.9","61.7","62.1","63.5","63.6","65.2","65.0","64.2","66.2","66.7","64.1","65.2","63.5","63.7","62.1","61.8","63.4","63.0","61.9","57.9","57.5","58.3","60.2","60.7","62.3","62.2","64.2","62.8","64.6","66.2","65.5","67.5","67.0","67.7","67.4","67.1","66.2","66.3","64.4","66.7","66.7","69.1","68.5","69.6","69.2","71.4","72.9","73.0","69.4","70.4","69.5","70.2","69.3","69.0","67.9","67.5","68.9","68.2","70.1","71.0","71.3","72.2","75.6","74.6","74.4","71.3","72.3","72.6","74.0","70.9","71.3","71.6","69.0","71.9","71.7","70.7","73.2","71.5","71.8","72.0","72.2","74.9","74.5","70.1","68.6","67.9","66.4"
"Services-producing sector 12","431.0","438.4","435.7","435.3","444.7","446.5","441.9","437.9","431.9","435.6","441.4","442.6","441.2","445.3","441.7","443.6","450.0","450.7","443.5","444.2","446.8","445.8","445.7","446.2","441.7","445.2","447.1","448.7","456.7","460.7","456.2","451.2","450.8","454.8","454.7","454.8","453.1","453.6","453.6","458.4","457.9","464.3","456.1","451.2","446.5","451.1","452.8","455.5","450.0","453.3","451.5","456.4","466.1","464.9","462.3","461.0","456.3","458.7","464.8","464.8","462.4","461.9","459.0","463.7","474.4","476.8","467.1","469.4","469.9","473.5","471.6","466.6","465.3","468.7","466.1","467.3","476.4","475.8","467.7","467.2","467.6","471.1","471.9","475.1","466.8","469.6","472.6","476.4","481.6","479.1","470.3","470.8","476.0","474.8","475.8","478.3","478.9","475.2","474.6","470.3","479.0","483.9","472.9","470.3","474.8","475.2","473.1","477.3","475.7","477.3","475.3","475.0","482.1","485.5","475.5","473.8","473.8","483.5","484.7","487.9","485.3","487.5","493.6","492.2","496.3","498.3","483.1","482.8","489.1","491.9","487.4","483.7","473.7","482.1","484.0","481.7","487.1","490.1","481.2","477.3","478.0","480.9","479.9","487.5","483.9","483.6","486.3","487.8","495.2","499.1","493.4","492.3","492.2","498.9","498.8","499.2","492.9","493.1","498.1","498.7","504.0","508.8","500.0","504.2","500.9","503.0","503.9","506.8","504.2","503.3","502.7","505.8","510.5","514.7","502.2","505.1","505.1","507.5","506.1","510.0","511.6","513.8","487.0","434.5","452.9","481.7","485.9","491.9","507.8","506.1","488.5","481.8","481.1","498.3","502.9","507.9","513.5","510.5","509.9","509.7","517.8","523.6","525.9","528.8","525.6","536.5","530.0","533.5","540.6","545.5","532.0","523.0","535.9","540.3","536.9","540.1","536.6","542.1","548.6","545.3","560.1","564.9","544.1","543.6","553.1","556.1","552.7","555.5","554.7","558.3","557.3","558.3","580.0","586.5","565.5","568.6","577.8","576.7","577.9","573.2","569.5","573.6","573.3","575.6","578.4","586.2","576.8","573.8","578.8","578.9","583.2"
"Wholesale and retail trade","83.6","86.4","83.5","83.5","88.2","87.1","82.8","80.5","82.4","84.0","84.8","87.3","85.9","87.1","87.1","88.0","88.8","88.5","90.9","91.2","91.0","93.2","92.5","92.3","88.2","88.7","88.4","89.5","89.0","89.7","91.8","91.6","89.0","89.5","88.8","90.9","89.2","89.6","89.8","91.6","92.2","93.1","90.6","88.4","85.8","89.4","89.0","89.1","87.9","87.5","88.5","89.1","88.7","88.5","91.2","89.9","87.8","88.0","89.4","91.6","89.3","89.8","87.9","89.7","92.4","92.3","90.6","91.2","91.7","93.9","93.7","93.9","92.3","91.4","89.4","89.2","90.5","89.6","92.0","90.4","90.2","91.2","91.1","93.6","91.5","90.4","91.2","91.3","90.0","90.3","92.1","95.0","92.6","93.7","94.6","94.6","92.3","92.9","92.9","91.7","92.5","93.8","95.2","93.8","91.7","90.2","93.4","96.2","94.3","93.0","92.3","89.3","92.5","92.8","95.3","93.5","94.0","96.4","96.0","97.6","95.2","94.8","94.0","94.1","91.5","91.5","92.8","92.1","91.6","94.6","93.5","92.4","87.8","88.3","88.5","89.5","89.7","90.6","91.4","90.8","89.0","89.8","89.1","91.0","89.8","87.5","90.3","90.8","91.0","91.0","91.8","91.5","91.4","92.0","94.3","96.1","91.6","92.1","91.5","89.9","87.8","88.7","90.2","91.6","90.0","88.5","90.4","91.2","90.5","89.7","89.1","91.3","92.9","92.7","93.0","93.1","92.5","92.8","95.0","95.0","93.9","94.8","87.0","73.7","83.3","85.7","86.4","89.4","91.4","92.6","93.8","93.5","91.0","95.7","96.5","97.9","98.7","101.2","98.2","95.9","96.8","99.5","100.9","102.7","101.1","100.9","97.8","96.1","95.4","90.3","90.7","88.2","89.8","92.0","94.3","98.0","97.3","99.8","97.8","96.8","101.8","104.3","102.4","100.8","100.0","100.7","103.1","102.6","100.1","99.5","99.6","100.1","102.8","105.9","101.1","102.3","103.3","102.2","101.9","101.5","98.4","97.9","97.7","100.3","99.8","101.1","102.7","102.9","97.0","99.7","105.0"
"Transportation and warehousing","32.3","31.9","33.2","32.5","33.2","33.3","33.6","34.6","32.6","34.1","34.3","34.9","34.1","34.4","34.9","34.5","35.0","35.3","35.1","35.0","35.3","36.1","35.2","36.4","36.0","36.3","36.9","36.0","36.4","37.3","37.3","36.8","36.6","36.6","37.6","37.5","37.6","37.7","38.1","36.6","37.1","36.5","37.2","36.9","35.9","35.9","37.2","36.4","37.2","37.5","36.9","36.8","36.9","38.5","38.7","36.9","37.6","37.8","38.9","38.4","37.9","36.9","37.4","35.6","37.2","36.7","36.7","36.4","35.9","35.4","36.3","36.4","35.4","35.9","35.3","35.0","34.3","35.7","35.5","37.3","35.9","36.5","37.6","37.6","37.3","36.3","36.5","36.6","36.5","36.0","36.6","35.8","35.8","35.6","35.4","37.0","35.4","36.2","34.7","35.5","35.2","36.0","37.9","38.5","38.3","38.6","38.2","37.5","37.4","37.9","38.4","38.3","37.5","37.2","37.1","37.8","36.8","38.4","38.1","38.7","38.6","37.9","39.7","38.8","40.7","39.6","39.0","39.4","38.9","37.5","37.3","36.0","34.9","34.4","34.7","33.9","35.1","35.7","36.0","36.3","35.8","35.0","35.8","37.0","37.2","37.8","36.8","36.8","36.5","36.5","36.0","36.3","36.6","35.9","35.8","34.9","35.4","35.2","35.5","36.8","37.2","38.3","39.5","40.2","39.1","40.4","41.6","40.7","40.5","42.1","43.4","42.8","43.4","43.7","42.8","40.9","40.8","39.5","38.3","38.9","40.1","39.6","40.5","34.8","36.1","36.5","36.0","37.6","41.2","41.2","41.9","41.8","40.8","43.3","41.5","42.7","42.0","41.4","42.9","43.3","43.8","45.1","44.0","42.1","41.3","42.3","41.2","40.3","41.9","44.5","42.5","42.4","42.7","40.1","39.9","39.2","38.4","40.7","39.1","40.2","42.7","41.5","42.8","43.2","46.6","46.3","47.1","48.4","50.2","51.4","49.4","47.1","51.4","50.9","48.1","48.6","50.2","48.5","48.7","47.2","48.0","47.5","49.6","48.8","47.8","47.8","46.1","47.0","44.1","45.8","46.2"
"Finance, insurance, real estate, rental and leasing","29.4","29.9","31.0","30.2","31.7","29.9","34.9","34.1","36.0","35.9","34.5","35.3","34.9","33.6","33.8","34.5","34.9","35.2","35.5","35.5","36.1","35.6","34.1","34.6","34.8","32.8","33.5","33.4","34.7","36.1","36.1","34.9","34.3","34.3","34.9","35.6","35.6","35.3","35.2","36.3","35.5","36.0","35.1","34.4","34.9","33.9","32.8","33.0","32.5","33.5","33.6","32.9","33.7","34.4","34.7","35.9","34.7","34.7","34.1","33.8","33.5","33.1","33.1","33.2","33.9","34.7","35.1","34.9","35.1","34.7","35.3","34.8","35.3","35.5","35.3","35.5","37.8","37.5","37.7","37.4","37.4","35.9","36.2","36.0","34.2","34.5","34.4","35.4","34.8","34.3","35.9","34.8","33.7","33.8","33.5","33.4","34.7","33.7","33.2","32.7","33.7","33.1","34.1","33.5","34.5","33.6","32.8","34.9","34.1","33.1","32.6","33.5","34.3","34.3","35.1","34.3","34.5","34.6","34.0","34.9","34.8","33.9","34.0","34.7","33.2","32.5","32.5","31.7","32.5","32.4","33.3","33.2","32.0","33.5","33.1","34.0","35.5","35.9","35.4","34.3","35.0","36.1","35.8","36.5","36.6","38.0","37.1","36.4","36.8","37.2","36.8","36.7","36.3","37.1","36.3","35.9","36.2","36.3","36.2","36.3","37.5","37.1","38.3","37.9","36.6","34.7","35.3","35.7","35.1","34.9","35.6","37.0","35.8","35.1","36.6","36.0","35.5","34.7","34.3","34.6","34.3","34.4","33.9","32.9","32.9","35.0","35.0","36.8","33.9","33.3","33.4","33.6","33.9","32.6","33.1","33.5","34.3","35.3","35.3","33.9","34.6","35.2","37.0","38.1","39.0","39.8","39.5","39.9","37.8","39.5","39.1","41.6","41.4","43.5","42.3","43.2","40.9","41.7","41.4","41.6","40.8","41.2","41.5","43.8","42.2","42.0","38.4","41.7","44.6","45.3","46.1","47.4","47.6","47.8","47.9","48.3","47.8","48.8","47.8","46.5","45.0","44.5","44.3","43.7","47.8","48.6","47.1","46.7","49.0","49.9","47.7"
"Professional, scientific and technical services","26.1","26.3","25.2","25.2","25.9","24.9","26.4","25.1","23.1","23.6","23.8","22.2","23.2","24.2","24.6","23.4","23.8","23.7","23.5","23.2","24.2","22.8","23.7","22.9","23.8","23.9","23.7","24.0","24.6","25.8","26.2","25.8","26.9","27.0","27.0","26.4","26.7","28.3","28.0","27.6","28.2","27.1","26.9","26.8","26.1","26.8","26.4","25.8","25.4","25.2","25.4","25.9","27.0","25.9","26.3","25.5","23.9","23.6","24.8","24.7","24.1","25.4","24.7","25.2","25.7","26.4","26.7","26.6","26.5","25.1","24.7","24.3","25.2","25.6","24.8","25.0","26.6","26.5","26.3","26.8","25.9","26.3","26.3","25.7","26.1","27.2","27.7","27.2","27.5","28.0","27.0","28.4","28.5","28.4","27.4","26.7","26.4","26.2","27.2","26.1","27.8","28.4","28.1","25.4","25.7","26.7","26.0","26.9","26.4","25.8","25.2","24.5","24.9","25.3","25.3","25.1","24.4","24.8","25.2","23.6","24.2","25.8","26.3","25.4","26.1","26.5","25.8","26.2","25.4","25.5","26.1","26.7","26.6","27.6","29.5","29.1","30.3","29.3","28.7","29.3","28.5","28.2","28.4","28.3","28.0","28.1","28.0","28.4","28.0","28.3","28.6","28.3","27.9","27.8","27.6","27.7","27.5","28.0","28.9","28.3","28.6","28.2","29.1","28.6","28.8","28.9","29.9","29.8","30.2","30.1","29.8","28.9","29.8","30.0","29.4","30.9","31.8","30.5","30.2","30.9","31.0","31.2","31.0","28.1","29.9","30.5","32.3","31.7","30.6","31.0","30.3","30.0","31.0","31.5","32.8","32.5","31.7","32.6","34.3","34.4","31.9","31.0","30.9","31.7","31.6","31.5","31.8","33.8","35.8","37.5","39.5","38.1","37.0","37.0","36.7","35.9","34.2","35.2","36.7","36.7","37.7","37.2","38.2","35.9","34.0","36.4","36.3","36.4","36.3","35.0","34.9","34.5","36.6","37.8","37.7","38.4","37.4","36.2","38.6","39.0","39.6","42.6","40.7","42.1","40.5","40.2","40.2","40.7","39.1","39.2","36.9"
"Business, building and other support services 13","19.1","17.7","18.5","18.0","21.4","23.6","22.8","20.7","18.6","18.5","17.7","17.3","17.1","17.7","17.9","18.9","19.4","21.4","20.2","20.7","19.1","18.0","16.2","17.0","15.9","16.9","16.3","16.2","17.3","16.8","17.8","18.3","18.7","19.6","19.4","18.6","18.6","16.8","16.6","16.4","16.7","18.1","19.4","18.6","17.0","15.6","16.6","16.4","15.6","16.4","15.1","17.5","21.1","19.6","20.6","19.9","20.2","19.8","19.9","19.3","19.7","20.7","20.4","21.4","22.5","22.5","21.1","21.8","18.5","18.7","17.0","15.9","17.2","18.4","18.2","17.6","19.9","18.9","19.1","19.1","18.3","18.5","18.7","17.9","16.8","17.6","17.4","19.6","21.4","20.8","22.6","22.1","20.3","19.7","20.0","18.9","18.9","17.5","18.6","17.4","19.1","19.1","19.5","20.8","19.4","20.5","18.0","16.7","17.3","17.8","18.5","17.2","17.6","19.1","18.2","18.2","16.2","16.8","17.0","17.0","16.7","16.7","18.1","19.5","20.9","20.7","21.1","21.3","19.6","20.0","18.9","19.0","17.5","18.3","16.6","16.5","18.9","19.5","19.9","18.9","18.4","18.8","18.6","18.4","16.7","16.6","17.9","17.6","19.2","20.6","21.9","22.2","21.2","21.3","21.0","21.0","20.4","19.3","19.0","19.6","21.4","21.9","22.5","24.6","22.5","24.4","23.6","22.7","22.4","22.5","22.8","22.5","23.5","24.3","25.9","24.8","20.9","22.8","21.6","21.9","21.1","21.7","20.8","19.1","21.0","23.3","23.5","21.4","21.7","22.0","19.9","19.0","17.4","18.5","19.4","19.7","21.8","21.2","22.0","23.1","21.5","19.7","19.2","18.6","21.3","21.3","22.8","21.9","23.0","24.6","27.6","26.6","24.8","23.0","23.0","21.4","20.2","19.9","23.0","22.7","22.0","23.4","20.5","23.0","19.3","20.7","19.0","19.1","18.5","16.4","17.2","16.2","20.6","20.8","19.7","20.9","19.4","19.7","19.7","19.1","18.9","19.9","18.2","19.6","19.4","20.7","22.1","20.9","21.4","16.5","16.4"
"Educational services","44.5","48.1","48.7","49.0","48.5","48.4","35.5","39.3","41.8","44.6","45.6","46.0","45.4","47.2","47.0","48.1","47.9","47.9","34.9","35.1","43.8","46.9","48.6","47.3","47.5","47.5","47.3","46.7","45.6","45.3","35.2","34.9","43.2","45.2","47.0","46.8","47.7","46.9","47.7","48.6","48.2","48.1","36.5","34.9","47.6","48.1","49.2","48.4","48.3","48.3","48.7","47.8","48.1","47.3","35.2","37.2","49.5","51.2","52.7","50.4","50.0","48.8","49.7","49.2","48.6","48.5","35.3","36.5","47.9","50.7","51.0","50.6","51.1","50.1","50.1","49.7","48.6","48.1","33.7","33.2","45.0","47.9","48.9","48.0","47.5","49.3","49.6","49.9","49.2","48.9","33.6","33.7","48.1","48.2","49.5","49.5","49.1","50.2","48.3","48.3","47.9","48.7","34.2","35.2","49.2","49.8","52.4","52.2","54.3","55.1","54.1","53.8","52.3","52.0","36.9","38.5","52.0","53.2","53.5","54.5","55.5","56.0","55.7","54.6","55.0","54.9","36.8","38.7","54.1","55.4","55.7","53.9","53.5","54.1","54.8","53.9","53.7","53.0","40.1","40.3","49.8","53.9","52.8","55.3","55.6","56.6","56.3","55.3","54.6","55.5","43.3","41.0","56.1","57.5","57.2","57.0","57.4","56.6","57.4","57.2","56.1","56.2","37.5","39.1","53.6","53.8","56.0","55.2","56.3","55.1","54.9","53.5","55.2","55.1","39.5","40.8","53.8","54.6","54.5","56.3","56.6","57.2","55.3","53.6","50.7","50.3","40.1","42.0","61.5","60.3","59.8","59.4","59.7","61.5","59.6","61.7","61.8","60.8","42.3","42.4","60.3","64.3","66.6","67.6","63.9","69.0","67.0","66.1","67.0","67.1","50.4","45.8","67.7","68.8","66.6","67.2","69.8","68.8","70.1","69.4","69.3","69.9","52.1","48.8","65.4","69.6","69.1","69.1","68.1","68.2","66.8","65.6","67.8","69.3","48.7","48.4","67.8","68.3","68.1","68.2","68.3","67.1","68.4","68.7","67.0","67.8","50.0","49.4","65.2","65.2","64.3"
"Health care and social assistance","79.5","78.2","76.2","74.1","72.1","74.2","74.3","74.0","73.5","75.1","77.2","75.7","76.7","77.0","77.4","74.9","75.9","74.6","77.6","76.9","78.4","80.4","81.0","80.1","79.5","80.9","81.2","79.2","80.0","79.0","80.7","79.6","78.6","78.2","77.4","78.7","77.8","78.6","79.1","80.0","80.3","83.4","84.8","86.0","82.7","82.7","82.9","84.9","84.3","84.6","83.2","82.3","83.8","84.4","85.0","84.1","80.8","80.9","82.1","83.0","84.1","82.7","83.0","85.2","88.3","89.5","92.0","93.1","91.4","92.2","93.5","91.8","92.3","92.0","90.7","92.6","94.9","94.9","96.4","95.6","92.3","91.1","89.5","89.9","90.9","90.7","90.8","89.6","93.0","90.9","91.7","91.9","91.7","92.1","91.6","93.4","93.7","92.2","93.5","93.1","94.4","95.4","93.8","93.4","93.7","94.5","95.4","96.1","95.8","96.4","96.2","97.0","98.5","99.9","100.8","99.7","97.4","98.8","99.9","99.6","100.0","102.1","102.4","101.1","99.8","101.4","103.0","101.7","102.6","101.6","101.7","100.7","100.8","102.3","102.0","101.9","100.5","101.2","101.3","101.3","101.2","98.1","98.0","98.8","99.5","97.1","98.1","99.0","99.8","100.2","101.5","102.7","96.4","99.1","99.0","100.5","98.6","100.4","101.2","101.5","101.4","102.5","105.0","104.5","101.7","102.8","101.8","103.9","103.8","102.9","102.5","103.9","102.0","99.2","100.7","103.6","103.2","103.4","105.9","105.6","107.1","107.7","102.3","93.4","92.6","97.2","101.5","101.8","101.9","101.3","101.3","99.6","99.8","102.8","104.6","103.6","107.2","105.1","109.5","108.9","104.1","105.7","105.4","105.1","104.5","106.5","103.9","105.0","106.0","106.3","104.5","103.7","102.6","102.9","102.2","102.1","103.0","105.5","104.1","103.8","105.4","103.8","107.7","108.2","110.0","109.9","113.0","109.4","109.3","111.4","111.7","112.4","114.3","115.9","117.1","118.0","115.9","115.6","118.2","116.9","119.3","120.9","122.2","119.3","120.3","121.2","125.4","124.1","125.6","127.0","130.9"
"Information, culture and recreation","24.1","23.6","23.3","24.0","24.4","25.1","27.4","27.9","23.6","22.4","22.9","22.3","22.6","22.6","22.0","21.5","24.4","23.8","24.0","25.6","24.1","21.7","21.2","21.0","21.5","20.6","21.7","21.1","23.2","24.2","26.2","25.5","24.5","24.0","22.0","22.0","21.9","23.0","22.0","22.9","22.5","22.3","23.1","22.8","21.0","19.9","21.0","21.3","20.7","21.5","20.4","21.6","23.7","24.7","26.5","26.9","23.2","23.7","21.5","22.0","22.7","22.5","21.5","22.9","22.4","22.5","24.8","25.5","21.6","21.3","20.7","21.8","21.6","22.5","23.1","22.6","23.3","22.7","24.5","25.0","23.0","22.7","21.2","22.3","20.5","20.9","21.0","22.1","22.7","23.8","24.3","24.6","25.3","23.4","23.0","23.7","24.8","23.8","23.4","24.3","26.1","27.0","26.4","26.6","23.8","23.0","20.6","20.5","19.9","21.4","20.6","21.6","22.7","24.5","25.4","24.2","21.9","22.0","21.2","20.6","21.1","20.9","21.1","21.5","23.2","25.0","24.5","24.3","21.8","22.1","21.3","20.8","21.7","22.1","22.7","22.6","22.3","23.5","23.9","23.3","22.0","22.8","21.7","22.8","22.3","21.4","21.6","22.2","24.1","24.2","26.4","26.1","22.8","22.8","22.0","21.8","22.5","21.7","23.1","23.7","26.5","27.0","26.4","26.1","23.9","23.9","21.1","22.0","22.2","22.7","21.9","21.9","22.7","24.8","25.9","25.2","22.5","21.8","20.3","20.6","20.9","21.4","19.0","14.8","16.9","20.8","23.6","23.1","22.3","20.9","18.0","17.8","18.2","17.7","19.8","18.9","20.6","19.4","24.6","23.5","21.7","23.3","22.6","21.8","21.6","21.0","20.4","20.9","23.5","24.8","26.7","25.3","23.7","24.1","25.4","24.5","23.6","23.5","23.9","22.8","24.7","27.9","26.9","25.6","25.5","23.4","21.5","24.1","22.8","23.9","24.5","26.6","28.0","26.3","28.0","27.0","23.5","25.5","23.7","25.9","25.5","25.9","24.0","24.0","24.7","28.3","29.0","27.9","25.6","23.1","22.9"
"Accommodation and food services","32.2","32.8","33.8","36.0","35.7","35.3","39.4","38.2","38.1","36.7","40.8","40.8","41.8","41.6","39.5","39.6","39.2","39.8","37.5","37.7","35.0","33.7","35.3","36.2","35.5","37.4","38.3","38.8","40.9","40.8","41.2","40.0","37.1","39.4","39.2","39.1","38.3","36.5","37.6","36.7","34.8","35.0","36.7","37.8","33.6","35.3","36.1","37.4","35.5","35.2","34.4","35.8","35.4","36.8","38.4","37.8","36.0","36.6","37.0","37.5","38.0","38.6","37.9","38.9","40.3","41.4","42.0","40.4","39.5","41.4","40.1","38.4","38.1","39.0","39.5","40.8","40.9","41.8","40.9","41.2","39.6","40.4","41.6","42.4","39.7","39.9","39.8","39.4","40.1","39.3","38.8","38.2","38.1","37.6","38.7","39.9","39.6","39.5","39.0","38.8","40.3","39.8","41.8","41.3","39.9","39.3","37.7","38.9","38.5","39.0","38.0","40.0","41.2","39.7","39.9","39.5","37.6","38.1","39.0","41.0","39.3","39.5","42.5","41.2","42.6","42.6","43.7","44.5","42.4","41.3","39.8","40.9","39.1","40.0","40.1","40.3","42.7","42.1","43.3","43.1","40.4","40.2","39.8","40.0","39.0","41.0","40.9","41.7","44.3","44.0","45.4","45.7","44.4","44.6","45.4","45.7","43.9","43.6","43.3","41.8","42.8","44.4","45.1","42.5","40.1","40.9","40.9","41.9","40.4","40.3","41.9","42.0","41.9","45.1","43.0","43.0","42.1","43.6","43.4","43.2","43.5","43.2","36.2","26.0","28.4","37.2","40.1","40.2","38.4","37.2","28.1","27.3","27.5","29.8","30.6","33.0","31.2","30.3","35.9","37.1","37.7","35.7","35.3","35.9","36.5","38.1","39.2","40.9","39.7","41.3","39.6","37.5","35.9","37.4","37.0","36.0","38.0","38.5","40.2","39.9","43.3","40.3","38.1","37.8","35.8","36.8","35.4","35.7","33.8","33.4","33.7","34.7","34.5","34.5","38.1","35.8","37.1","39.6","38.4","38.2","36.7","36.7","36.4","37.6","39.1","40.7","42.2","43.6","41.9","43.6","41.8"
"Other services (except public administration)","24.9","27.7","26.2","27.3","27.1","27.9","28.6","28.6","27.8","27.1","27.3","25.9","25.7","26.2","24.8","26.6","26.3","25.5","26.2","26.0","24.6","23.4","23.2","24.5","24.7","25.0","24.1","26.9","26.2","26.1","24.0","24.5","24.9","24.8","26.4","25.6","26.2","27.1","26.3","27.6","26.5","28.1","28.6","27.7","27.0","27.9","27.5","28.1","28.0","28.5","28.3","29.1","29.2","28.0","27.9","28.3","27.1","27.3","28.7","27.9","28.3","27.3","27.3","26.8","26.6","26.0","25.8","25.9","26.0","25.0","25.6","25.4","24.7","24.7","25.8","25.3","24.7","24.1","25.1","25.2","26.3","26.0","26.1","27.1","28.6","28.9","28.2","29.6","29.3","29.6","28.9","29.4","27.8","28.4","28.6","27.9","29.0","28.1","29.7","29.1","28.2","29.1","28.0","27.6","27.2","28.0","27.7","26.1","26.0","25.7","26.0","26.4","27.2","26.6","26.0","27.5","26.5","27.7","28.7","28.5","28.1","27.8","27.9","28.5","29.0","29.5","30.0","29.0","28.2","28.8","28.4","29.4","29.9","30.2","30.4","28.5","28.1","27.9","28.7","27.3","25.8","26.3","27.3","26.7","26.4","26.8","26.6","26.1","26.9","27.6","28.0","27.4","26.6","28.3","28.3","27.6","28.1","28.1","29.1","29.3","29.3","28.4","28.6","29.9","28.5","29.0","28.8","28.6","28.1","28.0","25.8","26.6","26.8","27.1","26.7","27.4","26.7","26.8","27.8","28.1","28.1","28.2","25.9","23.8","25.2","27.9","30.2","30.1","29.0","29.5","27.3","24.9","26.9","29.2","29.2","28.4","25.5","25.0","25.1","27.2","25.9","25.3","25.6","26.1","27.5","27.5","27.7","28.3","27.5","26.6","26.8","28.1","26.7","27.2","26.8","25.9","28.2","26.2","28.0","29.0","27.2","27.3","26.3","28.9","27.8","26.5","26.4","25.6","27.9","30.2","29.7","30.2","32.1","33.0","33.0","33.6","30.8","29.7","29.8","29.9","28.1","28.6","28.7","27.6","28.5","25.3","27.2","27.1","28.5","27.5","29.5"
"Public administration","35.3","35.8","36.1","35.4","36.5","36.8","36.2","34.9","34.4","33.7","32.5","34.9","33.9","33.7","32.7","33.6","34.5","34.9","38.2","37.4","35.1","33.9","34.7","33.9","34.5","35.2","35.7","36.8","38.8","39.5","39.7","39.4","36.9","36.1","35.0","33.7","33.4","33.9","33.3","34.1","35.9","36.6","37.3","36.9","34.8","35.7","34.2","34.5","34.7","35.1","37.0","37.5","38.5","36.8","37.7","38.7","35.5","35.1","35.8","36.2","34.9","36.0","36.2","35.7","36.6","36.4","37.0","37.3","35.7","35.2","33.8","33.4","32.2","33.4","33.8","34.0","34.9","36.0","36.5","36.1","33.6","34.7","34.6","34.7","33.6","34.0","35.9","35.6","37.1","37.3","39.0","36.8","34.2","33.8","33.5","33.4","34.9","34.9","34.1","33.2","33.9","33.4","33.8","34.2","31.4","30.9","30.8","31.1","31.7","32.1","33.4","33.6","33.5","34.3","35.6","35.4","32.6","32.7","32.2","32.0","31.7","32.2","32.0","32.8","34.3","34.2","33.8","34.1","32.0","32.8","31.5","30.9","30.0","31.3","31.6","31.6","30.3","31.4","32.4","32.4","32.2","31.7","32.6","32.7","32.8","32.5","32.8","33.6","34.1","34.1","33.6","34.4","32.6","32.5","31.8","31.1","31.3","31.9","32.9","34.4","35.4","36.1","37.9","39.3","36.1","35.6","34.6","35.0","34.7","35.0","35.1","35.4","36.5","37.5","38.6","39.4","35.4","37.1","34.9","34.7","35.0","34.5","35.2","34.4","36.0","37.3","37.2","37.8","35.8","36.8","34.8","34.8","34.9","35.7","35.8","36.1","38.6","38.2","39.7","40.1","39.6","38.7","38.4","39.0","37.2","38.6","38.6","40.3","43.1","43.0","44.5","45.7","43.7","44.4","42.8","46.8","43.0","42.3","44.3","42.6","45.4","48.1","47.6","47.8","46.6","43.9","43.4","43.4","43.1","43.6","43.7","43.6","44.4","44.4","46.2","47.2","44.6","42.6","42.9","40.7","41.5","42.1","42.9","43.9","43.5","44.6","44.7","43.5","41.4","41.4","41.6"




Footnotes:
1,"Fluctuations in economic time series are caused by seasonal, cyclical and irregular movements. A seasonally adjusted series is one from which seasonal movements have been eliminated. Seasonal movements are defined as those which are caused by regular annual events such as climate, holidays, vacation periods and cycles related to crops, production and retail sales associated with Christmas and Easter. It should be noted that the seasonally adjusted series contain irregular as well as longer-term cyclical fluctuations. The seasonal adjustment program is a complicated computer program which differentiates between these seasonal, cyclical and irregular movements in a series over a number of years and, on the basis of past movements, estimates appropriate seasonal factors for current data. On an annual basis, the historic series of seasonally adjusted data are revised in light of the most recent information on changes in seasonality."
2,"To ensure respondent confidentiality, estimates below a certain threshold are suppressed. For Canada, Quebec, Ontario, Alberta and British Columbia suppression is applied to all data below 1,500. The threshold level for Newfoundland and Labrador, Nova Scotia, New Brunswick, Manitoba and Saskatchewan is 500, while in Prince Edward Island, estimates under 200 are suppressed. Census metropolitan areas (CMAs) and economic regions (ERs) use their respective provincial suppression levels mentioned above. Estimates are based on smaller sample sizes the more detailed the table becomes, which could result in lower data quality."
3,"For more information on seasonal adjustment see <a href="http://www.statcan.gc.ca/eng/dai/btd/sad-faq" rel="external noopener noreferrer" target="_blank">Seasonally adjusted data - Frequently asked questions (opens new window)</a>."
4,"Starting in 2006, enhancements to the Labour Force Survey data processing system may have introduced a level shift in some estimates, particularly for less common labour force characteristics. Use caution when comparing estimates before and after 2006. For more information, contact statcan.labour-travail.statcan@statcan.gc.ca"
5,"Excluding the territories."
6,"Industry refers to the general nature of the business carried out by the employer for whom the respondent works (main job only). Industry estimates in this table are based on the 2022 North American Industry Classification System (NAICS)."
7,"This combines the North American Industry Classification System (NAICS) codes 11 to 91."
8,"This combines the North American Industry Classification System (NAICS) codes 11 to 33."
9,"Labour Force Survey (LFS) North American Industry Classification System (NAICS) code exception: add group 1100 - Farming - not elsewhere classified (nec). When the type of farm activity cannot be distinguished between crop and livestock, (for example: mixed farming)."
10,"Labour Force Survey (LFS) North American Industry Classification System (NAICS) code exception: add group 2100 - Mining - not elsewhere classified (nec). Whenever the type of mining activity cannot be distinguished."
11,"Also referred to as Natural resources."
12,"This combines the North American Industry Classification System (NAICS) codes 41 to 91."
13,"Formerly "Management of companies and administrative and other support services"."



"How to cite: Statistics Canada. Table 14-10-0355-01  Employment by industry, monthly, seasonally adjusted and unadjusted, and trend-cycle, last 5 months (x 1,000)"
https://www150.statcan.gc.ca/t1/tbl1/en/tv.action?pid=1410035501